{
  "count": 12,
  "error_count": 0,
  "p50_ms": 11.079072952270508,
  "p90_ms": 11.096954345703125,
  "p95_ms": 11.121749877929688,
  "p99_ms": 11.121749877929688,
  "avg_ms": 11.068463325500488,
  "tokens_per_sec": 1712.8225115625326,
  "tokens_per_sec_output": 1712.8225115625326,
  "tokens_per_sec_input": 637.3293066279191,
  "tokens_per_sec_total": 2350.1518181904516,
  "requests_per_sec": 119.49924499273483,
  "total_output_tokens": 172,
  "total_input_tokens": 64,
  "total_tokens": 236,
  "error_rate": 0.0,
  "ttfb_p50_ms": 11.074066162109375,
  "ttfb_p90_ms": 11.092901229858398,
  "ttfb_p95_ms": 11.10386848449707,
  "wait_p50_ms": 11.074066162109375,
  "wait_p95_ms": 11.10386848449707,
  "wait_avg_ms": 11.063873767852783,
  "output_tokens_approx_ratio": 0.0,
  "retries_total": 0,
  "retry_rate": 0.0,
  "error_categories": {},
  "concurrency_buckets": {
    "1": {
      "count": 6,
      "error_count": 0,
      "p50_ms": 11.051654815673828,
      "p90_ms": 11.121749877929688,
      "p95_ms": 11.121749877929688,
      "p99_ms": 11.121749877929688,
      "avg_ms": 11.067628860473633,
      "tokens_per_sec": 1127.0567159901113,
      "tokens_per_sec_output": 1127.0567159901113,
      "tokens_per_sec_input": 480.8775321557809,
      "tokens_per_sec_total": 1607.9342481458923,
      "requests_per_sec": 90.16453727920891,
      "total_output_tokens": 75,
      "total_input_tokens": 32,
      "total_tokens": 107,
      "error_rate": 0.0,
      "ttfb_p50_ms": 11.048078536987305,
      "ttfb_p90_ms": 11.10386848449707,
      "ttfb_p95_ms": 11.10386848449707,
      "wait_p50_ms": 11.048078536987305,
      "wait_p95_ms": 11.10386848449707,
      "wait_avg_ms": 11.061350504557291,
      "output_tokens_approx_ratio": 0.0,
      "retries_total": 0,
      "retry_rate": 0.0,
      "error_categories": {}
    },
    "2": {
      "count": 6,
      "error_count": 0,
      "p50_ms": 11.088132858276367,
      "p90_ms": 11.090993881225586,
      "p95_ms": 11.090993881225586,
      "p99_ms": 11.090993881225586,
      "avg_ms": 11.069297790527344,
      "tokens_per_sec": 2915.361819523765,
      "tokens_per_sec_output": 2915.361819523765,
      "tokens_per_sec_input": 961.7688476779432,
      "tokens_per_sec_total": 3877.130667201708,
      "requests_per_sec": 180.33165893961433,
      "total_output_tokens": 97,
      "total_input_tokens": 32,
      "total_tokens": 129,
      "error_rate": 0.0,
      "ttfb_p50_ms": 11.08407974243164,
      "ttfb_p90_ms": 11.090278625488281,
      "ttfb_p95_ms": 11.090278625488281,
      "wait_p50_ms": 11.08407974243164,
      "wait_p95_ms": 11.090278625488281,
      "wait_avg_ms": 11.066397031148275,
      "output_tokens_approx_ratio": 0.0,
      "retries_total": 0,
      "retry_rate": 0.0,
      "error_categories": {}
    }
  }
}