{
  "count": 12,
  "error_count": 0,
  "p50_ms": 11.07025146484375,
  "p90_ms": 11.09623908996582,
  "p95_ms": 11.111974716186523,
  "p99_ms": 11.111974716186523,
  "avg_ms": 11.070171991984049,
  "tokens_per_sec": 1491.4813216823998,
  "error_rate": 0.0,
  "ttfb_p50_ms": 11.07025146484375,
  "ttfb_p90_ms": 11.094093322753906,
  "ttfb_p95_ms": 11.107921600341797
}