{
  "count": 36,
  "error_count": 0,
  "p50_ms": 4327.434062957764,
  "p90_ms": 11205.761909484863,
  "p95_ms": 13762.750148773193,
  "p99_ms": 14670.344114303589,
  "avg_ms": 5224.576599068112,
  "tokens_per_sec": 154.57883097139407,
  "tokens_per_sec_output": 154.57883097139407,
  "tokens_per_sec_input": 24.974872474603035,
  "tokens_per_sec_total": 179.55370344599712,
  "requests_per_sec": 0.2930558699757853,
  "total_output_tokens": 18989,
  "total_input_tokens": 3068,
  "total_tokens": 22057,
  "error_rate": 0.0,
  "ttfb_p50_ms": 4327.422857284546,
  "ttfb_p90_ms": 11205.744981765747,
  "ttfb_p95_ms": 13762.738227844238,
  "wait_p50_ms": 4327.2740840911865,
  "wait_p95_ms": 13762.485027313232,
  "wait_avg_ms": 5224.298728836908,
  "output_tokens_approx_ratio": 0.0,
  "retries_total": 0,
  "retry_rate": 0.0,
  "error_categories": {},
  "concurrency_buckets": {
    "1": {
      "count": 18,
      "error_count": 0,
      "p50_ms": 2559.6888065338135,
      "p90_ms": 9109.633922576904,
      "p95_ms": 10792.401790618896,
      "p99_ms": 10792.401790618896,
      "avg_ms": 4013.9821767807007,
      "tokens_per_sec": 129.1023381644124,
      "tokens_per_sec_output": 129.1023381644124,
      "tokens_per_sec_input": 21.231023450279654,
      "tokens_per_sec_total": 150.33336161469205,
      "requests_per_sec": 0.2491254381388747,
      "total_output_tokens": 9328,
      "total_input_tokens": 1534,
      "total_tokens": 10862,
      "error_rate": 0.0,
      "ttfb_p50_ms": 2559.676170349121,
      "ttfb_p90_ms": 9109.622716903687,
      "ttfb_p95_ms": 10792.390823364258,
      "wait_p50_ms": 2559.392213821411,
      "wait_p95_ms": 10792.035102844238,
      "wait_avg_ms": 4013.677795728048,
      "output_tokens_approx_ratio": 0.0,
      "retries_total": 0,
      "retry_rate": 0.0,
      "error_categories": {}
    },
    "3": {
      "count": 18,
      "error_count": 0,
      "p50_ms": 6293.262004852295,
      "p90_ms": 13762.750148773193,
      "p95_ms": 14670.344114303589,
      "p99_ms": 14670.344114303589,
      "avg_ms": 6435.171021355523,
      "tokens_per_sec": 235.0597410330244,
      "tokens_per_sec_output": 235.0597410330244,
      "tokens_per_sec_input": 37.32342850063756,
      "tokens_per_sec_total": 272.38316953366194,
      "requests_per_sec": 0.43795418058114477,
      "total_output_tokens": 9661,
      "total_input_tokens": 1534,
      "total_tokens": 11195,
      "error_rate": 0.0,
      "ttfb_p50_ms": 6293.2538986206055,
      "ttfb_p90_ms": 13762.738227844238,
      "ttfb_p95_ms": 14670.333862304688,
      "wait_p50_ms": 6293.033838272095,
      "wait_p95_ms": 14669.966697692871,
      "wait_avg_ms": 6434.919661945767,
      "output_tokens_approx_ratio": 0.0,
      "retries_total": 0,
      "retry_rate": 0.0,
      "error_categories": {}
    }
  }
}