{
  "count": 36,
  "error_count": 0,
  "p50_ms": 3729.5870780944824,
  "p90_ms": 10522.464752197266,
  "p95_ms": 15162.755966186523,
  "p99_ms": 15320.534706115723,
  "avg_ms": 5284.17291243871,
  "tokens_per_sec": 157.6948468921875,
  "tokens_per_sec_output": 157.6948468921875,
  "tokens_per_sec_input": 24.917994966276847,
  "tokens_per_sec_total": 182.61284185846435,
  "requests_per_sec": 0.29238846766165794,
  "total_output_tokens": 19416,
  "total_input_tokens": 3068,
  "total_tokens": 22484,
  "error_rate": 0.0,
  "ttfb_p50_ms": 3729.580879211426,
  "ttfb_p90_ms": 10522.444009780884,
  "ttfb_p95_ms": 15162.73307800293,
  "wait_p50_ms": 3729.447364807129,
  "wait_p95_ms": 15162.199974060059,
  "wait_avg_ms": 5283.898572127025,
  "output_tokens_approx_ratio": 0.0,
  "retries_total": 0,
  "retry_rate": 0.0,
  "error_categories": {},
  "concurrency_buckets": {
    "1": {
      "count": 18,
      "error_count": 0,
      "p50_ms": 3208.627939224243,
      "p90_ms": 8744.080305099487,
      "p95_ms": 8872.240781784058,
      "p99_ms": 8872.240781784058,
      "avg_ms": 4163.572801484002,
      "tokens_per_sec": 129.81456360201506,
      "tokens_per_sec_output": 129.81456360201506,
      "tokens_per_sec_input": 20.46824345415676,
      "tokens_per_sec_total": 150.28280705617183,
      "requests_per_sec": 0.2401749557854118,
      "total_output_tokens": 9729,
      "total_input_tokens": 1534,
      "total_tokens": 11263,
      "error_rate": 0.0,
      "ttfb_p50_ms": 3208.6148262023926,
      "ttfb_p90_ms": 8744.065046310425,
      "ttfb_p95_ms": 8872.225761413574,
      "wait_p50_ms": 3208.263874053955,
      "wait_p95_ms": 8871.846199035645,
      "wait_avg_ms": 4163.287838300069,
      "output_tokens_approx_ratio": 0.0,
      "retries_total": 0,
      "retry_rate": 0.0,
      "error_categories": {}
    },
    "3": {
      "count": 18,
      "error_count": 0,
      "p50_ms": 3989.377021789551,
      "p90_ms": 15162.755966186523,
      "p95_ms": 15320.534706115723,
      "p99_ms": 15320.534706115723,
      "avg_ms": 6404.773023393419,
      "tokens_per_sec": 234.04218549525433,
      "tokens_per_sec_output": 234.04218549525433,
      "tokens_per_sec_input": 37.062115469156616,
      "tokens_per_sec_total": 271.104300964411,
      "requests_per_sec": 0.43488792597445836,
      "total_output_tokens": 9687,
      "total_input_tokens": 1534,
      "total_tokens": 11221,
      "error_rate": 0.0,
      "ttfb_p50_ms": 3989.370822906494,
      "ttfb_p90_ms": 15162.73307800293,
      "ttfb_p95_ms": 15320.525169372559,
      "wait_p50_ms": 3989.258050918579,
      "wait_p95_ms": 15320.24598121643,
      "wait_avg_ms": 6404.5093059539795,
      "output_tokens_approx_ratio": 0.0,
      "retries_total": 0,
      "retry_rate": 0.0,
      "error_categories": {}
    }
  }
}