{
  "count": 36,
  "error_count": 0,
  "p50_ms": 5375.3368854522705,
  "p90_ms": 22319.249868392944,
  "p95_ms": 30026.888847351074,
  "p99_ms": 37779.18481826782,
  "avg_ms": 8845.457275708517,
  "tokens_per_sec": 100.99688076711433,
  "tokens_per_sec_output": 100.99688076711433,
  "tokens_per_sec_input": 4.054131517338952,
  "tokens_per_sec_total": 105.05101228445328,
  "requests_per_sec": 0.20047903107720091,
  "total_output_tokens": 18136,
  "total_input_tokens": 728,
  "total_tokens": 18864,
  "error_rate": 0.0,
  "ttfb_p50_ms": 5375.323057174683,
  "ttfb_p90_ms": 22319.239854812622,
  "ttfb_p95_ms": 30026.880979537964,
  "wait_p50_ms": 5375.020980834961,
  "wait_p95_ms": 30026.726007461548,
  "wait_avg_ms": 8845.017419921027,
  "output_tokens_approx_ratio": 0.0,
  "retries_total": 0,
  "retry_rate": 0.0,
  "error_categories": {},
  "concurrency_buckets": {
    "1": {
      "count": 18,
      "error_count": 0,
      "p50_ms": 2684.0293407440186,
      "p90_ms": 10965.209007263184,
      "p95_ms": 11735.527992248535,
      "p99_ms": 11735.527992248535,
      "avg_ms": 5091.137753592597,
      "tokens_per_sec": 99.45228872285674,
      "tokens_per_sec_output": 99.45228872285674,
      "tokens_per_sec_input": 3.9719808092077957,
      "tokens_per_sec_total": 103.42426953206453,
      "requests_per_sec": 0.1964166334223635,
      "total_output_tokens": 9114,
      "total_input_tokens": 364,
      "total_tokens": 9478,
      "error_rate": 0.0,
      "ttfb_p50_ms": 2684.014081954956,
      "ttfb_p90_ms": 10965.190172195435,
      "ttfb_p95_ms": 11735.519886016846,
      "wait_p50_ms": 2683.621883392334,
      "wait_p95_ms": 11735.007047653198,
      "wait_avg_ms": 5090.565111902025,
      "output_tokens_approx_ratio": 0.0,
      "retries_total": 0,
      "retry_rate": 0.0,
      "error_categories": {}
    },
    "3": {
      "count": 18,
      "error_count": 0,
      "p50_ms": 7993.881940841675,
      "p90_ms": 30026.888847351074,
      "p95_ms": 37779.18481826782,
      "p99_ms": 37779.18481826782,
      "avg_ms": 12599.776797824436,
      "tokens_per_sec": 112.12738031862645,
      "tokens_per_sec_output": 112.12738031862645,
      "tokens_per_sec_input": 4.5238712520483295,
      "tokens_per_sec_total": 116.65125157067477,
      "requests_per_sec": 0.22370791905733498,
      "total_output_tokens": 9022,
      "total_input_tokens": 364,
      "total_tokens": 9386,
      "error_rate": 0.0,
      "ttfb_p50_ms": 7993.86191368103,
      "ttfb_p90_ms": 30026.880979537964,
      "ttfb_p95_ms": 37779.17385101318,
      "wait_p50_ms": 7993.539094924927,
      "wait_p95_ms": 37778.90491485596,
      "wait_avg_ms": 12599.46972794003,
      "output_tokens_approx_ratio": 0.0,
      "retries_total": 0,
      "retry_rate": 0.0,
      "error_categories": {}
    }
  }
}