{
  "count": 12,
  "error_count": 0,
  "p50_ms": 11.078119277954102,
  "p90_ms": 11.096954345703125,
  "p95_ms": 11.138916015625,
  "p99_ms": 11.138916015625,
  "avg_ms": 11.010885238647461
}