scenario,server,concurrency,tokens_per_sec_output,tokens_per_sec_total,requests_per_sec,p50_ms,p95_ms,error_rate,wait_p50_ms
short_chat,mock_server,1,1127.0567159901113,1607.9342481458923,90.16453727920891,11.051654815673828,11.121749877929688,0.0,11.048078536987305
short_chat,mock_server,2,2915.361819523765,3877.130667201708,180.33165893961433,11.088132858276367,11.090993881225586,0.0,11.08407974243164
