scenario,server,concurrency,tokens_per_sec_output,tokens_per_sec_total,requests_per_sec,p50_ms,p95_ms,error_rate,wait_p50_ms
short_chat,gpustack_chat,1,128.8412902591909,152.4641159038483,0.2768299880233287,2681.7758083343506,6710.186958312988,0.0,2681.473731994629
short_chat,gpustack_chat,2,191.4100352525915,217.66641517203607,0.30769195218099105,5706.305027008057,14150.479078292847,0.0,5706.001758575439
short_chat,gpustack_chat,4,296.0126323447967,335.1043186384609,0.4581056987538768,4120.401859283447,22621.874809265137,0.0,4120.065927505493
