{
  "scenarios": {
    "short_chat": {
      "gpustack_chat": {
        "count": 36,
        "error_count": 0,
        "p50_ms": 3750.977039337158,
        "p90_ms": 12039.905786514282,
        "p95_ms": 16011.34705543518,
        "p99_ms": 22621.874809265137,
        "avg_ms": 5731.135924657186,
        "tokens_per_sec": 166.9758591585732,
        "tokens_per_sec_output": 166.9758591585732,
        "tokens_per_sec_input": 24.656308370271912,
        "tokens_per_sec_total": 191.63216752884512,
        "requests_per_sec": 0.28894111371412395,
        "total_output_tokens": 20804,
        "total_input_tokens": 3072,
        "total_tokens": 23876,
        "error_rate": 0.0,
        "ttfb_p50_ms": 3750.9639263153076,
        "ttfb_p90_ms": 12039.894104003906,
        "ttfb_p95_ms": 16011.333227157593,
        "wait_p50_ms": 3750.645160675049,
        "wait_p95_ms": 16011.00492477417,
        "wait_avg_ms": 5730.792237652673,
        "output_tokens_approx_ratio": 0.0,
        "retries_total": 0,
        "retry_rate": 0.0,
        "error_categories": {},
        "concurrency_buckets": {
          "1": {
            "count": 12,
            "error_count": 0,
            "p50_ms": 2681.7758083343506,
            "p90_ms": 6693.184852600098,
            "p95_ms": 6710.186958312988,
            "p99_ms": 6710.186958312988,
            "avg_ms": 3612.268050511678,
            "tokens_per_sec": 128.8412902591909,
            "tokens_per_sec_output": 128.8412902591909,
            "tokens_per_sec_input": 23.622825644657382,
            "tokens_per_sec_total": 152.4641159038483,
            "requests_per_sec": 0.2768299880233287,
            "total_output_tokens": 5585,
            "total_input_tokens": 1024,
            "total_tokens": 6609,
            "error_rate": 0.0,
            "ttfb_p50_ms": 2681.7636489868164,
            "ttfb_p90_ms": 6693.17102432251,
            "ttfb_p95_ms": 6710.172891616821,
            "wait_p50_ms": 2681.473731994629,
            "wait_p95_ms": 6709.859848022461,
            "wait_avg_ms": 3611.936648686727,
            "output_tokens_approx_ratio": 0.0,
            "retries_total": 0,
            "retry_rate": 0.0,
            "error_categories": {}
          },
          "2": {
            "count": 12,
            "error_count": 0,
            "p50_ms": 5706.305027008057,
            "p90_ms": 10739.341020584106,
            "p95_ms": 14150.479078292847,
            "p99_ms": 14150.479078292847,
            "avg_ms": 5976.126313209534,
            "tokens_per_sec": 191.4100352525915,
            "tokens_per_sec_output": 191.4100352525915,
            "tokens_per_sec_input": 26.25637991944457,
            "tokens_per_sec_total": 217.66641517203607,
            "requests_per_sec": 0.30769195218099105,
            "total_output_tokens": 7465,
            "total_input_tokens": 1024,
            "total_tokens": 8489,
            "error_rate": 0.0,
            "ttfb_p50_ms": 5706.291913986206,
            "ttfb_p90_ms": 10739.327907562256,
            "ttfb_p95_ms": 14150.458812713623,
            "wait_p50_ms": 5706.001758575439,
            "wait_p95_ms": 14150.036811828613,
            "wait_avg_ms": 5975.7625857989,
            "output_tokens_approx_ratio": 0.0,
            "retries_total": 0,
            "retry_rate": 0.0,
            "error_categories": {}
          },
          "4": {
            "count": 12,
            "error_count": 0,
            "p50_ms": 4120.401859283447,
            "p90_ms": 16011.34705543518,
            "p95_ms": 22621.874809265137,
            "p99_ms": 22621.874809265137,
            "avg_ms": 7605.013410250346,
            "tokens_per_sec": 296.0126323447967,
            "tokens_per_sec_output": 296.0126323447967,
            "tokens_per_sec_input": 39.091686293664154,
            "tokens_per_sec_total": 335.1043186384609,
            "requests_per_sec": 0.4581056987538768,
            "total_output_tokens": 7754,
            "total_input_tokens": 1024,
            "total_tokens": 8778,
            "error_rate": 0.0,
            "ttfb_p50_ms": 4120.387077331543,
            "ttfb_p90_ms": 16011.333227157593,
            "ttfb_p95_ms": 22621.864080429077,
            "wait_p50_ms": 4120.065927505493,
            "wait_p95_ms": 22621.51789665222,
            "wait_avg_ms": 7604.677478472392,
            "output_tokens_approx_ratio": 0.0,
            "retries_total": 0,
            "retry_rate": 0.0,
            "error_categories": {}
          }
        }
      }
    }
  },
  "runtime_sec": 134.85004687309265
}