{
  "count": 12,
  "error_count": 0,
  "p50_ms": 11.077880859375,
  "p90_ms": 11.085987091064453,
  "p95_ms": 11.091947555541992,
  "p99_ms": 11.091947555541992,
  "avg_ms": 10.946412881215414,
  "tokens_per_sec": 1611.74869648128,
  "error_rate": 0.0,
  "ttfb_p50_ms": 11.076211929321289,
  "ttfb_p90_ms": 11.085033416748047,
  "ttfb_p95_ms": 11.088848114013672
}