{
  "scenarios": {
    "short_chat": {
      "mock_server": {
        "count": 12,
        "error_count": 0,
        "p50_ms": 11.05189323425293,
        "p90_ms": 11.100292205810547,
        "p95_ms": 11.10386848449707,
        "p99_ms": 11.10386848449707,
        "avg_ms": 11.06343666712443,
        "tokens_per_sec": 2022.618988457363,
        "error_rate": 0.0,
        "ttfb_p50_ms": 11.050939559936523,
        "ttfb_p90_ms": 11.097908020019531,
        "ttfb_p95_ms": 11.102914810180664
      }
    }
  },
  "runtime_sec": 0.1018221378326416
}