scenario,server,concurrency,tokens_per_sec_output,tokens_per_sec_total,requests_per_sec,p50_ms,p95_ms,error_rate,wait_p50_ms
dual_short_chat,gpt-oss-20b-gguf,1,129.97710747649944,148.43354391720575,0.21656835458455892,4393.0158615112305,10046.056270599365,0.0,4392.664194107056
dual_short_chat,gpt-oss-20b-gguf,3,236.66286594111557,273.11274910915483,0.4277039745923775,3763.701915740967,17855.998039245605,0.0,3761.690139770508
dual_short_chat,gpt-oss-120b-gguf,1,0.0,0.0,0.8561392986868503,1162.0049476623535,1240.1070594787598,0.0,
dual_short_chat,gpt-oss-120b-gguf,3,0.0,0.0,2.5180078442406244,1181.3008785247803,1238.1861209869385,0.0,
dual_short_chat,eland-goat-t1-gguf,1,0.0,0.0,0.8676540839472058,1157.4971675872803,1223.125696182251,0.0,
dual_short_chat,eland-goat-t1-gguf,3,0.0,0.0,2.518836086607891,1188.6768341064453,1234.454870223999,0.0,
