scenario,server,concurrency,tokens_per_sec_output,tokens_per_sec_total,requests_per_sec,p50_ms,p95_ms,error_rate,wait_p50_ms
dual_short_chat,gpustack_chat_ext,1,129.1023381644124,150.33336161469205,0.2491254381388747,2559.6888065338135,10792.401790618896,0.0,2559.392213821411
dual_short_chat,gpustack_chat_ext,3,235.0597410330244,272.38316953366194,0.43795418058114477,6293.262004852295,14670.344114303589,0.0,6293.033838272095
dual_short_chat,gpustack_chat_int,1,99.45228872285674,103.42426953206453,0.1964166334223635,2684.0293407440186,11735.527992248535,0.0,2683.621883392334
dual_short_chat,gpustack_chat_int,3,112.12738031862645,116.65125157067477,0.22370791905733498,7993.881940841675,37779.18481826782,0.0,7993.539094924927
