{
  "scenarios": {
    "dual_short_chat": {
      "gpt-oss-20b-gguf": {
        "count": 36,
        "error_count": 0,
        "p50_ms": 3763.701915740967,
        "p90_ms": 11600.803136825562,
        "p95_ms": 14892.641067504883,
        "p99_ms": 17855.998039245605,
        "avg_ms": 5604.989892906613,
        "tokens_per_sec": 156.78711848916447,
        "tokens_per_sec_output": 156.78711848916447,
        "tokens_per_sec_input": 23.167311059324597,
        "tokens_per_sec_total": 179.95442954848906,
        "requests_per_sec": 0.2718458924822964,
        "total_output_tokens": 20763,
        "total_input_tokens": 3068,
        "total_tokens": 23831,
        "error_rate": 0.0,
        "ttfb_p50_ms": 3763.688087463379,
        "ttfb_p90_ms": 11600.791692733765,
        "ttfb_p95_ms": 14892.636775970459,
        "wait_p50_ms": 3761.690139770508,
        "wait_p95_ms": 14892.45319366455,
        "wait_avg_ms": 5603.924883736505,
        "output_tokens_approx_ratio": 0.0,
        "retries_total": 0,
        "retry_rate": 0.0,
        "error_categories": {},
        "concurrency_buckets": {
          "1": {
            "count": 18,
            "error_count": 0,
            "p50_ms": 4393.0158615112305,
            "p90_ms": 9787.879943847656,
            "p95_ms": 10046.056270599365,
            "p99_ms": 10046.056270599365,
            "avg_ms": 4617.420024342007,
            "tokens_per_sec": 129.97710747649944,
            "tokens_per_sec_output": 129.97710747649944,
            "tokens_per_sec_input": 18.456436440706298,
            "tokens_per_sec_total": 148.43354391720575,
            "requests_per_sec": 0.21656835458455892,
            "total_output_tokens": 10803,
            "total_input_tokens": 1534,
            "total_tokens": 12337,
            "error_rate": 0.0,
            "ttfb_p50_ms": 4393.000841140747,
            "ttfb_p90_ms": 9787.869215011597,
            "ttfb_p95_ms": 10046.043157577515,
            "wait_p50_ms": 4392.664194107056,
            "wait_p95_ms": 10045.701265335083,
            "wait_avg_ms": 4617.095748583476,
            "output_tokens_approx_ratio": 0.0,
            "retries_total": 0,
            "retry_rate": 0.0,
            "error_categories": {}
          },
          "3": {
            "count": 18,
            "error_count": 0,
            "p50_ms": 3763.701915740967,
            "p90_ms": 14892.641067504883,
            "p95_ms": 17855.998039245605,
            "p99_ms": 17855.998039245605,
            "avg_ms": 6592.559761471219,
            "tokens_per_sec": 236.66286594111557,
            "tokens_per_sec_output": 236.66286594111557,
            "tokens_per_sec_input": 36.449883168039285,
            "tokens_per_sec_total": 273.11274910915483,
            "requests_per_sec": 0.4277039745923775,
            "total_output_tokens": 9960,
            "total_input_tokens": 1534,
            "total_tokens": 11494,
            "error_rate": 0.0,
            "ttfb_p50_ms": 3763.688087463379,
            "ttfb_p90_ms": 14892.636775970459,
            "ttfb_p95_ms": 17855.97515106201,
            "wait_p50_ms": 3761.690139770508,
            "wait_p95_ms": 17855.510711669922,
            "wait_avg_ms": 6590.754018889533,
            "output_tokens_approx_ratio": 0.0,
            "retries_total": 0,
            "retry_rate": 0.0,
            "error_categories": {}
          }
        }
      },
      "gpt-oss-120b-gguf": {
        "count": 36,
        "error_count": 0,
        "p50_ms": 1173.215389251709,
        "p90_ms": 1237.1759414672852,
        "p95_ms": 1238.1861209869385,
        "p99_ms": 1240.1070594787598,
        "avg_ms": 1174.4840807384915,
        "tokens_per_sec": 0.0,
        "tokens_per_sec_output": 0.0,
        "tokens_per_sec_input": 0.0,
        "tokens_per_sec_total": 0.0,
        "requests_per_sec": 1.2249591131868725,
        "total_output_tokens": 0,
        "total_input_tokens": 0,
        "total_tokens": 0,
        "error_rate": 0.0,
        "retries_total": 72,
        "retry_rate": 2.0,
        "error_categories": {
          "connection": 36
        },
        "concurrency_buckets": {
          "1": {
            "count": 18,
            "error_count": 0,
            "p50_ms": 1162.0049476623535,
            "p90_ms": 1223.9489555358887,
            "p95_ms": 1240.1070594787598,
            "p99_ms": 1240.1070594787598,
            "avg_ms": 1168.0010424719917,
            "tokens_per_sec": 0.0,
            "tokens_per_sec_output": 0.0,
            "tokens_per_sec_input": 0.0,
            "tokens_per_sec_total": 0.0,
            "requests_per_sec": 0.8561392986868503,
            "total_output_tokens": 0,
            "total_input_tokens": 0,
            "total_tokens": 0,
            "error_rate": 0.0,
            "retries_total": 36,
            "retry_rate": 2.0,
            "error_categories": {
              "connection": 18
            }
          },
          "3": {
            "count": 18,
            "error_count": 0,
            "p50_ms": 1181.3008785247803,
            "p90_ms": 1237.6699447631836,
            "p95_ms": 1238.1861209869385,
            "p99_ms": 1238.1861209869385,
            "avg_ms": 1180.9671190049912,
            "tokens_per_sec": 0.0,
            "tokens_per_sec_output": 0.0,
            "tokens_per_sec_input": 0.0,
            "tokens_per_sec_total": 0.0,
            "requests_per_sec": 2.5180078442406244,
            "total_output_tokens": 0,
            "total_input_tokens": 0,
            "total_tokens": 0,
            "error_rate": 0.0,
            "retries_total": 36,
            "retry_rate": 2.0,
            "error_categories": {
              "connection": 18
            }
          }
        }
      },
      "eland-goat-t1-gguf": {
        "count": 36,
        "error_count": 0,
        "p50_ms": 1172.645092010498,
        "p90_ms": 1218.0821895599365,
        "p95_ms": 1223.125696182251,
        "p99_ms": 1234.454870223999,
        "avg_ms": 1169.958021905687,
        "tokens_per_sec": 0.0,
        "tokens_per_sec_output": 0.0,
        "tokens_per_sec_input": 0.0,
        "tokens_per_sec_total": 0.0,
        "requests_per_sec": 1.236149516488077,
        "total_output_tokens": 0,
        "total_input_tokens": 0,
        "total_tokens": 0,
        "error_rate": 0.0,
        "retries_total": 72,
        "retry_rate": 2.0,
        "error_categories": {
          "connection": 36
        },
        "concurrency_buckets": {
          "1": {
            "count": 18,
            "error_count": 0,
            "p50_ms": 1157.4971675872803,
            "p90_ms": 1194.425106048584,
            "p95_ms": 1223.125696182251,
            "p99_ms": 1223.125696182251,
            "avg_ms": 1152.4946027331882,
            "tokens_per_sec": 0.0,
            "tokens_per_sec_output": 0.0,
            "tokens_per_sec_input": 0.0,
            "tokens_per_sec_total": 0.0,
            "requests_per_sec": 0.8676540839472058,
            "total_output_tokens": 0,
            "total_input_tokens": 0,
            "total_tokens": 0,
            "error_rate": 0.0,
            "retries_total": 36,
            "retry_rate": 2.0,
            "error_categories": {
              "connection": 18
            }
          },
          "3": {
            "count": 18,
            "error_count": 0,
            "p50_ms": 1188.6768341064453,
            "p90_ms": 1218.311071395874,
            "p95_ms": 1234.454870223999,
            "p99_ms": 1234.454870223999,
            "avg_ms": 1187.421441078186,
            "tokens_per_sec": 0.0,
            "tokens_per_sec_output": 0.0,
            "tokens_per_sec_input": 0.0,
            "tokens_per_sec_total": 0.0,
            "requests_per_sec": 2.518836086607891,
            "total_output_tokens": 0,
            "total_input_tokens": 0,
            "total_tokens": 0,
            "error_rate": 0.0,
            "retries_total": 36,
            "retry_rate": 2.0,